{"cameraMode":{"drawMode":0,"name":"Shaded","section":"Shading Mode"},"sceneLighting":false,"audioPlay":false,"sceneViewState":{"m_AlwaysRefresh":false,"showFog":true,"showSkybox":false,"showFlares":true,"showImageEffects":true,"showParticleSystems":true,"showVisualEffectGraphs":true,"m_FxEnabled":true},"in2DMode":false,"pivot":{"x":0.6024027466773987,"y":0.05111311748623848,"z":0.35319018363952639},"rotation":{"x":-0.030862029641866685,"y":0.9657031297683716,"z":-0.13589738309383393,"w":-0.21919597685337068},"size":34.03805923461914,"orthographic":false}