{"cameraMode":{"drawMode":0,"name":"Shaded","section":"Shading Mode"},"sceneLighting":true,"audioPlay":false,"sceneViewState":{"m_AlwaysRefresh":false,"showFog":true,"showSkybox":true,"showFlares":true,"showImageEffects":true,"showParticleSystems":true,"showVisualEffectGraphs":true,"m_FxEnabled":true},"in2DMode":false,"pivot":{"x":106.92513275146485,"y":124.34205627441406,"z":356.82611083984377},"rotation":{"x":-0.2981211841106415,"y":0.08409348875284195,"z":-0.026241909712553026,"w":-0.950557291507721},"size":39.24701690673828,"orthographic":false}