{"cameraMode":{"drawMode":0,"name":"Shaded","section":"Shading Mode"},"sceneLighting":false,"audioPlay":false,"sceneViewState":{"m_AlwaysRefresh":false,"showFog":true,"showSkybox":false,"showFlares":true,"showImageEffects":true,"showParticleSystems":true,"showVisualEffectGraphs":true,"m_FxEnabled":true},"in2DMode":false,"pivot":{"x":205.9381561279297,"y":187.14407348632813,"z":509.74395751953127},"rotation":{"x":0.018946345895528795,"y":0.9758725166320801,"z":-0.0942765474319458,"w":0.1960923820734024},"size":12.306992530822754,"orthographic":false}