{"cameraMode":{"drawMode":0,"name":"Shaded","section":"Shading Mode"},"sceneLighting":false,"audioPlay":false,"sceneViewState":{"m_AlwaysRefresh":false,"showFog":true,"showSkybox":false,"showFlares":true,"showImageEffects":true,"showParticleSystems":true,"showVisualEffectGraphs":true,"m_FxEnabled":true},"in2DMode":false,"pivot":{"x":1.1920928955078126e-7,"y":0.11287248134613037,"z":0.0010612010955810547},"rotation":{"x":-0.16503684222698213,"y":-0.8906348943710327,"z":0.1523461937904358,"w":-0.39538004994392397},"size":6.415131568908691,"orthographic":false}