{"cameraMode":{"drawMode":0,"name":"Shaded","section":"Shading Mode"},"sceneLighting":false,"audioPlay":false,"sceneViewState":{"m_AlwaysRefresh":false,"showFog":true,"showSkybox":false,"showFlares":true,"showImageEffects":true,"showParticleSystems":true,"showVisualEffectGraphs":true,"m_FxEnabled":true},"in2DMode":false,"pivot":{"x":-0.23168087005615235,"y":4.5606794357299809,"z":0.26051902770996096},"rotation":{"x":-0.08529142290353775,"y":-0.851163387298584,"z":0.1483508199453354,"w":-0.4969266355037689},"size":14.687007904052735,"orthographic":false}